1girl,0,6577634,"[인물 > 인원수] 여성 캐릭터가 한 명 등장함. 키워드: <인원>, 여자 1명, 여성 한명"
long hair,0,4800833,"[패션 > 헤어스타일] 어깨를 넘어 허리까지 오는 길이의 머리임. 키워드: <헤어스타일>, 긴 머리, 장발"
blush,0,3216518,"[표정 > 감정] 부끄러움 등으로 뺨이 붉어진 상태임. 키워드: <홍조>, 얼굴 붉힘"
smile,0,3188239,"A character who is Smiling, with the corners of the mouth turned up. 키워드: <미소>"
blue eyes,0,1935465,"[인물 > 눈] 파란색 눈동자. 키워드: <눈색>, 파란 눈, 벽안"
aqua hair,0,140000,"[패션 > 헤어컬러] blue-green coloured hair. 키워드: <머리색>, 청록 머리"
witch,0,15,"오잇스!"라고 말하는 경향이 있음, 영어 성우는 로렌 란다, 한글명: 위치"
hoshino \(blue archive\),4,52000,"[캐릭터] 블루 아카이브의 호시노. 키워드: <캐릭터>"
hoshino \(swimsuit\) \(blue archive\),4,9000,"[캐릭터] 수영복 호시노"
blue archive,3,300000,"[작품] 넥슨게임즈의 모바일 게임. 키워드: <작품명>"
iseri nina,0,5300,"[캐릭터] 이세리 니나"
ganyu \(genshin impact\),4,120000,"[캐릭터] 원신의 감우"
genshin impact,3,400000,"[작품] 호요버스의 게임"
arisu \(wangyunqiu\),4,700,"[캐릭터] 작가별 아리스"
arisu \(mikannjs\),4,600,"[캐릭터] 작가별 아리스"
